participant_id	hypothesis	condition	n	inv_mean	inv_std	inv_mean_ci68_lower	inv_mean_ci68_upper	inv_mean_ci95_lower	inv_mean_ci95_upper	mean	mean_ci68_lower	mean_ci68_upper	mean_ci95_lower	mean_ci95_upper
0140	goldfish	diff_location	40	3.4166212318212434e-06	5.534112796812254e-07	3.3296041718286543e-06	3.5036382918138325e-06	3.2451204508373767e-06	3.58812201280511e-06	292686.81897962274	285417.59071890387	300336.0004353879	278697.3231209112	308154.97148710093
0140	goldfish	same_location	4	3.5811058271500463e-06	4.565977769168519e-07	3.3540721977945407e-06	3.8081394565055525e-06	3.1336482280610046e-06	4.0285634262390886e-06	279243.35338501586	262595.42525200115	298145.04310835846	248227.44343225134	319116.8654621984
0188	goldfish	diff_location	25	4.3687062060816684e-06	6.544265131155446e-07	4.238546285091824e-06	4.498866127071513e-06	4.112175726834749e-06	4.625236685328588e-06	228900.72090631814	222278.2300594792	235929.94690592037	216205.15187299167	243180.26913935572
0188	goldfish	same_location	7	3.933044663464299e-06	9.612508943424702e-07	3.571739530353866e-06	4.294349796574732e-06	3.2209531206427353e-06	4.645136206285862e-06	254255.9481435386	232864.12317823342	279975.6229427307	215278.94029173706	310467.1078852746
0128	goldfish	diff_location	33	2.654707623438221e-06	6.761781595716243e-07	2.5376524631736696e-06	2.7717627837027723e-06	2.424005145036032e-06	2.88541010184041e-06	376689.31643208937	360781.2349165426	394064.99294602696	346571.1856218175	412540.37849211553
0128	goldfish	same_location	8	2.426157137052121e-06	5.771173575190293e-07	2.2232461620085335e-06	2.6290681120957083e-06	2.0262425606100196e-06	2.8260717134942223e-06	412174.4567687155	380362.9108729596	449792.7476895209	353848.0623917276	493524.32894260227
0187	goldfish	diff_location	39	3.06334133116433e-06	7.235229439995327e-07	2.9481270275683973e-06	3.1785556347602626e-06	2.8362669729994183e-06	3.2904156893292416e-06	326440.93226787593	314608.3048111956	339198.4099222467	303912.96857809846	352576.11836958944
0187	goldfish	same_location	7	3.278789947801671e-06	1.0610705548373052e-06	2.8799656238801908e-06	3.677614271723151e-06	2.4927523244468733e-06	4.064827571156469e-06	304990.5653976003	271915.4120346201	347226.3667691614	246012.89537983865	401162.99970631616
0121	goldfish	diff_location	33	2.978924791379347e-06	1.0789872401907144e-06	2.7921381841278723e-06	3.165711398630822e-06	2.610789519701782e-06	3.347060063056912e-06	335691.5900978369	315884.7646164153	358148.4633119443	298769.6608846294	383025.89789552445
0121	goldfish	same_location	4	3.4675122579088563e-06	1.1988132709829459e-06	2.871427603996126e-06	4.063596911821587e-06	2.2926968402512415e-06	4.642327675566471e-06	288391.1939227195	246087.40032527744	348258.82380190043	215409.18045557328	436167.56583064713
0190	goldfish	diff_location	21	3.077397722398941e-06	9.610200945558103e-07	2.86884819205382e-06	3.285947252744062e-06	2.666370191348673e-06	3.488425253449209e-06	324949.8733041449	304326.24844020547	348571.9470168605	286662.29812756967	375041.696477334
0190	goldfish	same_location	1	8.823711076404515e-06						113330.99999999999				
0147	goldfish	diff_location	41	3.4069987405735546e-06	6.308534350752412e-07	3.3090220110275344e-06	3.504975470119575e-06	3.2138976907700026e-06	3.6000997903771066e-06	293513.4633573871	285308.70145173493	302204.0943419034	277770.0781164322	311148.6724894515
0147	goldfish	same_location	11	3.1954856086419367e-06	4.504161097671908e-07	3.0604326920789345e-06	3.3305385252049388e-06	2.929311588666124e-06	3.4616596286177495e-06	312941.48134968267	300251.7438042446	326751.1821410801	288878.7770273367	341377.1357984334
0120	goldfish	diff_location	18	3.348966598060027e-06	4.5771188184662487e-07	3.241680777103502e-06	3.4562524190165516e-06	3.137518382226185e-06	3.560414813893869e-06	298599.57414304314	289330.7197408174	308481.947717726	280866.14966820227	318723.2322414198
0120	goldfish	same_location	0											
0195	goldfish	diff_location	32	4.531213035962055e-06	8.038907593602806e-07	4.389891469659185e-06	4.6725346022649245e-06	4.25268421652286e-06	4.8097418554012494e-06	220691.45548079108	214016.60664326992	227796.0644156053	207911.36615305432	235145.60430203637
0195	goldfish	same_location	8	4.482236048035705e-06	9.171115713053081e-07	4.159785162210147e-06	4.804686933861264e-06	3.846721831022021e-06	5.1177502650493895e-06	223102.93105563681	208130.1058248877	240397.03037660898	195398.35830390005	259961.60989221145
0148	goldfish	diff_location	20	2.9345822215016993e-06	7.107941490100091e-07	2.7765246731769105e-06	3.092639769826488e-06	2.6230686748430883e-06	3.2460957681603103e-06	340764.0081347848	323348.360761753	360162.4756519077	308062.3836821485	381232.8703364276
0148	goldfish	same_location	10	3.0653026651541697e-06	5.435609523470328e-07	2.8943662287763075e-06	3.2362391015320323e-06	2.7284062871347422e-06	3.402199043173597e-06	326232.0590288936	309000.6543480057	345498.7796837252	293927.54136665456	366514.32915812475
0182	goldfish	diff_location	23	3.034518122979997e-06	7.838698679761848e-07	2.8719758055882784e-06	3.1970604403717157e-06	2.7141656038535014e-06	3.3548706421064927e-06	329541.61401348526	312787.33031513536	348192.34829701704	298074.0859123287	368437.3564310984
0182	goldfish	same_location	5	3.0581507572546166e-06	5.37553198190764e-07	2.8190819896838106e-06	3.297219524825423e-06	2.5869732622813816e-06	3.5293282522278517e-06	326994.99775404355	303285.8420468521	354725.40481597005	283340.03768812394	386552.12041817827
0122	goldfish	diff_location	26	3.07244649255106e-06	8.588477817114375e-07	2.9049460653172846e-06	3.239946919784835e-06	2.7423220998380635e-06	3.402570885264056e-06	325473.5281556352	308647.0318058205	344240.47039605805	293895.42017502896	364654.46566581324
0122	goldfish	same_location	8	2.6790139411753906e-06	6.428980200999279e-07	2.4529748827196466e-06	2.9050529996311346e-06	2.2335165288137277e-06	3.1245113535370535e-06	373271.66709750675	344227.79898575816	407668.25907784526	320050.04522322054	447724.4681646135
0197	goldfish	diff_location	38	2.9544340037153755e-06	8.843651837886976e-07	2.811766115375732e-06	3.097101892055019e-06	2.6732517358514437e-06	3.2356162715793073e-06	338474.3063281972	322882.49946354533	355648.35728393134	309060.1344738259	374076.2557408366
0197	goldfish	same_location	5	2.683324843766709e-06	7.818253740327072e-07	2.335619669181822e-06	3.0310300183515963e-06	1.9980372806323244e-06	3.3686124069010937e-06	372671.9865181336	329920.8499900779	428151.90041206684	296858.13599432044	500491.16184835514
0153	goldfish	diff_location	42	3.941268252066926e-06	8.591814967888017e-07	3.8094284127103714e-06	4.073108091423481e-06	3.681426843768802e-06	4.20110966036505e-06	253725.4345667967	245512.75771582025	262506.5736012899	238032.3487945102	271633.81005182926
0153	goldfish	same_location	11	3.979922278711301e-06	7.00964417925706e-07	3.769744873874061e-06	4.190099683548542e-06	3.5656863911989103e-06	4.394158166223692e-06	251261.18802596314	238657.80662122884	265269.94092635455	227574.87604489046	280450.91191089427
0105	goldfish	diff_location	17	2.897746530913066e-06	1.673331012292395e-06	2.4941533738388412e-06	3.301339687987291e-06	2.102310076913483e-06	3.6931829849126494e-06	345095.74572241993	302907.33293478936	400937.65302847594	270769.1452292478	475667.2248216376
0105	goldfish	same_location	3	2.245514993058184e-06	1.1823624195850356e-07	2.1776295924781818e-06	2.313400393638186e-06	2.111720548407163e-06	2.379309437709205e-06	445332.1412199045	432264.12632676295	459214.92041352263	420290.01530914713	473547.50644174207
0111	goldfish	diff_location	33	3.4669749742129556e-06	9.240742397646592e-07	3.3070058052878273e-06	3.6269441431380843e-06	3.1516938396131862e-06	3.782256108812725e-06	288435.8864537267	275714.1992086996	302388.34126055136	264392.46080401115	317289.7022645867
0111	goldfish	same_location	9	3.5008604705711384e-06	8.296095075057179e-07	3.2258565656628645e-06	3.7758643754794124e-06	2.9588588852567323e-06	4.042862055885545e-06	285644.0604834667	264840.0208688725	309995.1841146152	247349.52273333524	337968.1285183131
0177	goldfish	diff_location	46	3.82506507151614e-06	5.887318235880291e-07	3.7387423764363895e-06	3.91138776659589e-06	3.654932805221804e-06	3.995197337810475e-06	261433.46094858207	255663.73360887906	267469.6192769392	250300.52721952382	273602.84122632834
0177	goldfish	same_location	3	4.207114708034324e-06	7.300499327339697e-08	4.165198852704244e-06	4.249030563364403e-06	4.124503299129821e-06	4.289726116938827e-06	237692.5920489643	235347.80112482765	240084.57587823272	233115.11568333078	242453.4368080098
0106	goldfish	diff_location	14	3.0887481888721183e-06	9.565627223657988e-07	2.8345129017494165e-06	3.34298347599482e-06	2.587679199654206e-06	3.5898171780900305e-06	323755.7543870736	299133.9942840775	352794.3017591544	278565.7180826273	386446.6662380835
0106	goldfish	same_location	7	3.160683338103471e-06	1.0432640364665644e-06	2.7685519457860492e-06	3.552814730420893e-06	2.387836725767264e-06	3.933529950439678e-06	316387.27864463563	281466.97080416925	361199.65223050176	254224.58010983825	418789.10279289645
0124	goldfish	diff_location	33	4.398523634081065e-06	1.470773728648549e-06	4.143913732706971e-06	4.653133535455159e-06	3.896716322553861e-06	4.900330945608268e-06	227349.01143913463	214908.9409062451	241317.76492044874	204067.84992679142	256626.32771394865
0124	goldfish	same_location	11	4.1679953804421295e-06	1.152094617691007e-06	3.82255094605871e-06	4.513439814825549e-06	3.487163480486739e-06	4.84882728039752e-06	239923.49048475258	221560.50396756013	261605.40804068625	206235.43429619074	286766.02218271105
0175	goldfish	diff_location	10	3.9504764676794415e-06	2.0082994198193854e-06	3.318916116404462e-06	4.582036818954421e-06	2.7057424638952534e-06	5.19521047146363e-06	253134.0227391387	218243.55401582975	301303.18601825554	192484.9831383777	369584.3242081419
0175	goldfish	same_location	3	4.707553857606855e-06	2.972289645546225e-07	4.536899691096291e-06	4.8782080241174196e-06	4.371213801562612e-06	5.0438939136510985e-06	212424.54791762333	204993.30800492526	220414.8356999185	198259.5227257932	228769.40945842597
0152	goldfish	diff_location	36	3.1940654161725554e-06	1.0347061076405677e-06	3.022570141914482e-06	3.365560690430629e-06	2.8560676319126992e-06	3.5320632004324115e-06	313080.62600618205	297127.3116076384	330844.26598835015	283120.6417477398	350131.76467754133
0152	goldfish	same_location	11	3.5205462478580157e-06	1.387627079859656e-06	3.104479681469632e-06	3.9366128142464e-06	2.7005261152201072e-06	4.340566380495924e-06	284046.8295533467	254025.4902339014	322115.16988463886	230384.68078577032	370298.2149900427
0104	goldfish	diff_location	41	3.395174895705958e-06	6.716998590625934e-07	3.2908543804033404e-06	3.499495411008576e-06	3.189570961850205e-06	3.6007788295617112e-06	294535.63681351097	285755.4825916442	303872.4551152689	277717.6959023947	313521.7908492371
0104	goldfish	same_location	9	3.230623228431623e-06	5.651820466686151e-07	3.043273314512214e-06	3.417973142351032e-06	2.8613777430385824e-06	3.5998687138246636e-06	309537.79790826055	292571.0525952688	328593.55590290885	277787.90825334145	349481.99427107803
0174	goldfish	diff_location	31	3.0489549470619678e-06	5.651227259598827e-07	2.9480184287057677e-06	3.1498914654181683e-06	2.8500204883551914e-06	3.247889405768744e-06	327981.2320492369	317471.25606667326	339210.9052856287	307892.2571143735	350874.6705807444
0174	goldfish	same_location	5	3.3626800546429635e-06	7.16359008816824e-07	3.0440900695912757e-06	3.6812700396946514e-06	2.734775236269919e-06	3.990584873016008e-06	297381.84535851603	271645.3803217725	328505.39147623454	250589.83377647575	365660.76317260513
0167	goldfish	diff_location	39	2.7005997993501057e-06	7.076676230991422e-07	2.587910308230375e-06	2.813289290469836e-06	2.4785015609431282e-06	2.922698037757083e-06	370288.11164121696	355455.80164384516	386412.15532844514	342149.6121328405	403469.58652689995
0167	goldfish	same_location	6	3.6820268340585645e-06	2.5821534687417906e-06	2.633709371120333e-06	4.730344296996797e-06	1.6159117110212596e-06	5.7481419570958694e-06	271589.54702612426	211401.1025867357	379692.61565660825	173969.25953882138	618845.6913701046
0139	goldfish	diff_location	17	3.559712176672614e-06	9.59733964208263e-07	3.3282325365292504e-06	3.791191816815978e-06	3.103491993299005e-06	4.015932360046223e-06	280921.58870404365	263769.2969172547	300459.77527844877	249008.17801335928	322217.6832288207
0139	goldfish	same_location	3	3.7117828874252e-06	1.488102751561572e-06	2.8573879090275e-06	4.5661778658229e-06	2.0278670429186277e-06	5.395698731931772e-06	269412.3094828111	219001.54338814472	349969.9837185725	185332.8085354349	493128.9768192791
0160	goldfish	diff_location	37	3.0487744521422143e-06	5.327444408328856e-07	2.961677198832794e-06	3.1358717054516347e-06	2.8771156192031625e-06	3.220433285081266e-06	328000.64934201754	318890.5969148945	337646.5201521972	310517.222832258	347570.32123615424
0160	goldfish	same_location	7	3.0647853295674933e-06	1.033191128076974e-06	2.6764400388057944e-06	3.4531306203291923e-06	2.2994006950750103e-06	3.830169964059976e-06	326287.1269816217	289592.28883866215	373630.63827358966	261085.01956398852	434895.9283790154
0136	goldfish	diff_location	24	3.282620522622741e-06	1.1886346457212642e-06	3.041336169998617e-06	3.5239048752468655e-06	2.8070763601591016e-06	3.7581646850863804e-06	304634.6640156329	283776.1050317641	328802.8498344051	266087.32820259983	356242.53554090037
0136	goldfish	same_location	3	2.938335187450466e-06	6.775766472165838e-07	2.549304198660277e-06	3.327366176240655e-06	2.1715991197170167e-06	3.705071255183915e-06	340328.7699344062	300538.00725047523	392263.89715496683	269900.3422945941	460490.14798380976
0189	goldfish	diff_location	17	4.208573711339892e-06	8.738989155363457e-07	3.99779675227196e-06	4.419350670407824e-06	3.793156170266527e-06	4.623991252413257e-06	237610.19019472704	226277.5856860706	250137.77887324983	216263.38490110697	263632.6992910853
0189	goldfish	same_location	5	4.499412028174622e-06	7.688209923369282e-07	4.157490358395388e-06	4.841333697953857e-06	3.825523098722849e-06	5.173300957626395e-06	222251.2616622249	206554.65257902804	240529.7219705296	193300.17878156042	261402.1597030351
0138	goldfish	diff_location	25	3.306257347429573e-06	1.0671328180695166e-06	3.0940136187573593e-06	3.5185010761017875e-06	2.887948969402176e-06	3.7245657254569704e-06	302456.7947735354	284211.93524485675	323204.7829193549	268487.6771445103	346266.5062973763
0138	goldfish	same_location	14	3.0539023584072716e-06	7.610230273511038e-07	2.851637620986731e-06	3.256167095827812e-06	2.6552614432111736e-06	3.4525432736033697e-06	327449.89283859706	307109.54646072024	350675.6933771891	289641.55428421736	376610.7486540525
0156	goldfish	diff_location	43	2.793805598303844e-06	6.548490937254863e-07	2.6944955031874904e-06	2.8931156934201973e-06	2.5980766358051423e-06	2.9895345608025454e-06	357934.7112079356	345648.11987100844	371126.9878970057	334500.23060832196	384900.11657800875
0156	goldfish	same_location	3	2.983110411548409e-06	7.951819106288066e-07	2.5265562988428187e-06	3.4396645242539997e-06	2.083293905485418e-06	3.8829269176114e-06	335220.5792077744	290726.0266077494	395795.6529438934	257537.6825827962	480009.08434808435
0140	markov	novel	16	3.477353626706034e-06	5.441890184507881e-07	3.342060361867393e-06	3.6126468915446747e-06	3.2107059074695967e-06	3.744001345942471e-06	287575.00885731383	276805.3535319157	299216.61840998137	267093.9210755737	311457.9873770234
0140	markov	familiar	7	3.2830035765310494e-06	4.805950713131842e-07	3.102362427341997e-06	3.4636447257201018e-06	2.9269803074573283e-06	3.6390268456047706e-06	304599.11988784344	288713.213735308	322335.00225077424	274798.7421988391	341649.03585179953
0188	markov	novel	5	3.857968413721161e-06	1.033595327174166e-06	3.398292307493657e-06	4.317644519948665e-06	2.951998811618378e-06	4.763938015823944e-06	259203.7810479275	231607.76561843714	294265.44555772195	209910.3717719227	338753.5239053056
0188	markov	familiar	4	5.068316520264798e-06	5.5895262045529e-07	4.790389100388541e-06	5.346243940141054e-06	4.520553017686471e-06	5.616080022843125e-06	197304.17309212455	187047.20757160516	208751.30997582045	178060.14086917386	221211.87299154387
0128	markov	novel	16	2.684322098834314e-06	5.621317471951099e-07	2.5445680119841518e-06	2.8240761856844764e-06	2.4088826040670667e-06	2.9597615936015615e-06	372533.5347923623	354098.0958902949	392994.0152082004	337865.0504019678	415130.23437158694
0128	markov	familiar	7	2.5295267706980636e-06	2.4014836532040894e-07	2.4392622647204697e-06	2.6197912766756574e-06	2.35162564106212e-06	2.7074279003340072e-06	395330.8625091301	381709.79837330175	409960.01719995297	369354.2494249369	425237.7515106301
0187	markov	novel	16	2.786945910306043e-06	7.160990560231251e-07	2.6089133224507282e-06	2.9649784981613578e-06	2.436063820513929e-06	3.137828000098157e-06	358815.7187773289	337270.57400926173	383301.35056408565	318691.78296857513	410498.27659647807
0187	markov	familiar	8	3.256921404790531e-06	8.805733989223633e-07	2.94731711955312e-06	3.5665256900279426e-06	2.646726384196982e-06	3.86711642538408e-06	307038.41932725883	280384.91431479505	339291.6199501541	258590.6111944071	377825.22816516994
0121	markov	novel	5	4.203449285870675e-06	9.915766678010394e-07	3.7624603517130614e-06	4.6444382200282885e-06	3.3343099858332467e-06	5.072588585908103e-06	237899.86080273753	215311.29334171856	265783.53165760176	197138.00618052259	299912.1270214171
0121	markov	familiar	7	3.030748794206117e-06	8.141357826200074e-07	2.724739781324315e-06	3.3367578070879185e-06	2.4276396486914234e-06	3.6338579397208103e-06	329951.4634507816	299692.1136666877	367007.52374744805	275189.6239721551	411922.7499596295
0190	markov	novel	6	3.400673793459527e-06	2.4375374123451584e-06	2.4110683858569226e-06	4.390279201062132e-06	1.4502734893793968e-06	5.351074097539656e-06	294059.3719760147	227775.94640406285	414753.8932806288	186878.36904740022	689525.1187608218
0190	markov	familiar	2	3.2289986493981436e-06	1.5338133147855102e-06	2.1504396659154723e-06	4.307557632880816e-06	1.1032809105984488e-06	5.354716388197838e-06	309693.5330667887	232150.11503658473	465021.1842024807	186751.2539420516	906387.4761121114
0147	markov	novel	8	3.4481017634516073e-06	6.640902549898868e-07	3.214611643285711e-06	3.6815918836175035e-06	2.987919151399689e-06	3.908284375503526e-06	290014.6424329958	271621.63314457546	311079.56760147936	255866.74456644792	334681.07714077557
0147	markov	familiar	6	3.269147458784165e-06	3.503717371100307e-07	3.1269015330563565e-06	3.411393384511974e-06	2.988796831491425e-06	3.549498086076905e-06	305890.14799959864	293135.35183016065	319805.4014264276	281729.9730129601	334582.7958138576
0120	markov	novel	6	3.1020228774750745e-06	3.418970291141795e-07	2.963217562265928e-06	3.240828192684221e-06	2.8284533042774987e-06	3.3755924506726503e-06	322370.2852939502	308563.1019433179	337471.00203986204	296244.29329456855	353550.1181821492
0120	markov	familiar	3	3.612946729243436e-06	4.7660556580959667e-07	3.3393033926681895e-06	3.886590065818683e-06	3.0736266701919945e-06	4.152266788294878e-06	276782.3815131101	257294.95086057065	299463.6552628344	240832.30943131392	325348.55638064037
0195	markov	novel	7	4.137165445075675e-06	6.298893462462592e-07	3.900409094127338e-06	4.373921796024011e-06	3.6705454616610625e-06	4.603785428490287e-06	241711.38748880965	228627.77311405554	256383.3628389527	217212.55595700702	272439.07218832313
0195	markov	familiar	8	4.698644937568091e-06	1.2224703907354271e-06	4.268831736294099e-06	5.1284581388420826e-06	3.8515317427308535e-06	5.545758132405328e-06	212827.31793681282	194990.37974516503	234256.1294927333	180317.99730982428	259636.96181067158
0148	markov	novel	5	3.063466792394562e-06	4.724573322075463e-07	2.853348440349029e-06	3.2735851444400952e-06	2.6493472912539696e-06	3.4775862935351547e-06	326427.56320474064	305475.48204097105	350465.43417518167	287555.7687408084	377451.4588182538
0148	markov	familiar	4	3.6889100781908068e-06	5.626220406842646e-07	3.409158116377794e-06	3.9686620400038194e-06	3.137550609866013e-06	4.240269546515601e-06	271082.7802260881	251974.0884761852	293327.55063367164	235834.06409192548	318719.95844640874
0182	markov	novel	2	2.60302580602905e-06	9.266641812993631e-07	1.95140675449421e-06	3.2546448575638903e-06	1.3187583732783995e-06	3.887293238779701e-06	384168.300477018	307253.18545154645	512450.8243588572	257248.4087446719	758289.0241781181
0182	markov	familiar	4	3.170498485893877e-06	8.579941874206879e-07	2.7438789441795523e-06	3.597118027608202e-06	2.3296796327492486e-06	4.011317339038506e-06	315407.8150326144	278000.3303547203	364447.56505065504	249294.66194756245	429243.5689193465
0122	markov	novel	6	3.2072761395488152e-06	1.0600219177527004e-06	2.7769223666497535e-06	3.6376299124478773e-06	2.3590975391935674e-06	4.0554547399040635e-06	311791.051499755	274904.2712063768	360110.8954322192	246581.47214920123	423890.9088692617
0122	markov	familiar	3	3.449786131397746e-06	5.665037596517683e-08	3.417260288207014e-06	3.4823119745884784e-06	3.3856813741255002e-06	3.513890888669992e-06	289873.04195429385	287165.5403930818	292632.08408531424	284584.81827775255	295361.5209163897
0197	markov	novel	10	2.966652656736156e-06	6.699777280699195e-07	2.755961280186187e-06	3.177344033286125e-06	2.5514037891237235e-06	3.3819015243485886e-06	337080.2435294792	314728.2728983438	362849.8002455398	295691.6376187556	391941.09700034925
0197	markov	familiar	6	3.1479233102429032e-06	7.751552825051465e-07	2.8332213264235896e-06	3.462625294062217e-06	2.527681302448327e-06	3.7681653180374795e-06	317669.7465107042	288798.2138046589	352955.12943999766	265381.13792757265	395619.49484351295
0153	markov	novel	5	4.104601730337844e-06	2.6305380355133236e-07	3.987612474518157e-06	4.221590986157531e-06	3.874029142140697e-06	4.335174318534991e-06	243628.9963551936	236877.5192288807	250776.62545953263	230671.2317713525	258129.18883914838
0153	markov	familiar	5	3.9747537358902384e-06	9.61890404988208e-07	3.546967324363563e-06	4.402540147416914e-06	3.131635114353738e-06	4.817872357426739e-06	251587.91372920788	227141.5970134256	281930.98739059607	207560.50094571357	319322.0038364418
0105	markov	novel	2	1.8913428207915056e-06	2.5184804750084283e-07	1.714246317921083e-06	2.0684393236619283e-06	1.5423056486050881e-06	2.240379992977923e-06	528724.8768478214	483456.2892710905	583346.7393488291	446352.85225467297	648379.9115333804
0105	markov	familiar	5	2.737985853467366e-06	6.479987402841766e-07	2.449798078287955e-06	3.0261736286467765e-06	2.1700003513430548e-06	3.305971355591677e-06	365231.98201831727	330450.30547278054	408196.9076810002	302482.9596023611	460829.41847501585
0111	markov	novel	15	3.2812000147027306e-06	1.182883630446356e-06	2.9774734437199096e-06	3.5849265856855516e-06	2.6825893039577116e-06	3.87981072544775e-06	304766.54745797254	278945.7401981269	335855.22050891875	257744.53208270745	372774.1695401034
0111	markov	familiar	4	3.1847162321389174e-06	6.434315657427555e-07	2.8647834357094784e-06	3.5046490285683564e-06	2.554164884452909e-06	3.815267579824925e-06	313999.7183762839	285335.276613561	349066.52542562777	262104.81416506256	391517.4020623949
0177	markov	novel	11	3.842976429793154e-06	5.113340518318824e-07	3.6896578571657965e-06	3.9962950024205125e-06	3.540802868112686e-06	4.145149991473622e-06	260214.97093954968	250231.77703205365	271027.8401716489	241245.79377271095	282421.82274694624
0177	markov	familiar	8	3.7788541567680747e-06	5.981304622401525e-07	3.5685551010991085e-06	3.989153212437041e-06	3.3643785092287406e-06	4.193329804307409e-06	264630.482816851	250679.76754622647	280225.46147374937	238473.9685804811	297231.7167218033
0106	markov	novel	5	2.672408222510987e-06	4.876749421223964e-07	2.45552206541851e-06	2.8892943796034645e-06	2.244950143266327e-06	3.099866301755647e-06	374194.3283876005	346105.26606750366	407245.3732276129	322594.5581696984	445444.1908206628
0106	markov	familiar	4	2.871761812042555e-06	7.553939596852431e-07	2.496158072973545e-06	3.2473655511115654e-06	2.131489334481466e-06	3.612034289603644e-06	348218.2943608213	307941.925311643	400615.6544440118	276852.2997908007	469155.52605534054
0124	markov	novel	15	4.200541102357956e-06	1.3724050550616017e-06	3.848151509126322e-06	4.552930695589591e-06	3.506021080020273e-06	4.895061124695639e-06	238064.56730982923	219638.74850295804	259865.02808644305	204287.5409573516	285223.6130862675
0124	markov	familiar	6	4.07039210769846e-06	1.3893108958708162e-06	3.506351708387332e-06	4.634432507009589e-06	2.9587322906861507e-06	5.1820519247107695e-06	245676.57698349716	215776.1491806166	285196.7181751792	192973.75142681802	337982.58907976194
0175	markov	novel	3	5.532807624283784e-06	2.4744826185610683e-06	4.112082125851366e-06	6.953533122716204e-06	2.73271839390063e-06	8.332896854666939e-06	180740.06325666327	143811.78349940438	243185.80451331817	120006.28562202088	365935.98602475063
0175	markov	familiar	2	2.1472592436379334e-06	4.616292394238582e-07	1.8226471422698465e-06	2.4718713450060204e-06	1.5074855152887752e-06	2.7870329719870916e-06	465709.9523324339	404551.79919469653	548652.548707065	358804.5100474798	663356.2908950666
0152	markov	novel	9	3.430624972667586e-06	9.944278366061975e-07	3.1009861055355014e-06	3.7602638397996703e-06	2.780944057676843e-06	4.080305887658329e-06	291492.0773815798	265938.78584149445	322478.0653531218	245079.66498901288	359590.11733424955
0152	markov	familiar	4	3.7837076788124587e-06	8.695543999200139e-07	3.351340064872367e-06	4.2160752927525506e-06	2.9315600255916756e-06	4.635855332033242e-06	264291.0300919062	237187.4149683721	298388.10166764865	215709.92370924776	341115.30764176336
0104	markov	novel	12	2.8912706581636487e-06	7.565115980414244e-07	2.674094891978168e-06	3.108446424349129e-06	2.4632417921602273e-06	3.31929952416707e-06	345868.69173816347	321704.11307937786	373958.30753793765	301268.38289802585	405969.0783027088
0104	markov	familiar	7	3.4465757131408506e-06	4.6332494784962724e-07	3.272425880936322e-06	3.620725545345379e-06	3.103346095479329e-06	3.789805330802372e-06	290143.0530561895	276187.7384729006	305583.69734989235	263865.79592157615	322232.8316705341
0174	markov	novel	5	3.882477883888601e-06	7.717966930864419e-07	3.5392328155820396e-06	4.225722952195163e-06	3.205980685655869e-06	4.558975082121333e-06	257567.46848443677	236645.8973559835	282547.1089659148	219347.54675927968	311917.0382011903
0174	markov	familiar	1	2.8576490692636983e-06						349938.0				
0167	markov	novel	15	2.6370858077186715e-06	7.906804911443613e-07	2.4340644215594345e-06	2.8401071938779084e-06	2.236953623458462e-06	3.037217991978881e-06	379206.46991198766	352099.3863033003	410835.46973638807	329248.67514973995	447036.5364365226
0167	markov	familiar	3	4.591980954579689e-06	3.385759569479507e-06	2.6480453149273496e-06	6.535916594232029e-06	7.607037267447973e-07	8.423258182414579e-06	217770.9380529283	153000.72844909065	377637.04207132704	118718.90643073508	1314572.2373139923
0139	markov	novel	1	2.7524400380937702e-06						363314.0				
0139	markov	familiar	1	2.439054134806522e-06						409995.00000000006				
0160	markov	novel	11	3.2288705504419304e-06	5.5922648822918e-07	3.061191893713437e-06	3.3965492071704238e-06	2.8983948875579917e-06	3.559346213325869e-06	309705.81953591533	294416.46182805457	326670.14506788435	280950.47238059924	345018.5495057018
0160	markov	familiar	6	3.7287097761030914e-06	6.617144723842739e-07	3.4600631424785584e-06	3.997356409727624e-06	3.199237653289266e-06	4.258181898916917e-06	268189.28263306915	250165.33366063776	289012.06678085844	234842.0109188744	312574.46566117386
0136	markov	novel	6	3.245460052985948e-06	7.638641091131177e-07	2.9353421244473202e-06	3.555577981524576e-06	2.6342526995542958e-06	3.8566674064176e-06	308122.72641592415	281248.22608199855	340675.7909653494	259291.22079232775	379614.30206342606
0136	markov	familiar	3	3.6373563350358725e-06	1.2874043310996e-06	2.8981924604279594e-06	4.376520209643786e-06	2.1805479599756885e-06	5.0941647100960565e-06	274924.947651613	228492.03296182016	345042.6476688631	196303.03629918236	458600.3235678197
0189	markov	novel	6	4.2170308683614825e-06	6.15180040076771e-07	3.967276550242752e-06	4.466785186480213e-06	3.7247933621172664e-06	4.709268374605699e-06	237133.66850182618	223874.65666061974	252062.08524556007	212347.20989621425	268471.2688146477
0189	markov	familiar	3	4.488055130669277e-06	6.977446586226367e-07	4.0874446675104555e-06	4.888665593828099e-06	3.698497228944053e-06	5.277613032394501e-06	222813.66224012402	204554.79737916458	244651.62989204968	189479.59880004518	270380.0863156269
0138	markov	novel	9	3.0774725824409565e-06	8.951460793257318e-07	2.7807442240376974e-06	3.3742009408442156e-06	2.4926545569807335e-06	3.6622906079011795e-06	324941.96884341724	296366.4635070023	359615.9586903608	273053.15363083367	401178.7342130815
0138	markov	familiar	3	3.7531687023977807e-06	1.0272100741843456e-07	3.694191381898799e-06	3.8121460228967624e-06	3.6369310758131474e-06	3.869406328982414e-06	266441.5269585755	262319.4373966092	270695.2338473607	258437.5780103152	274957.0940869203
0156	markov	novel	8	2.5237660677121516e-06	6.26345163132024e-07	2.3035468937276587e-06	2.7439852416966444e-06	2.089738989238354e-06	2.957793146185949e-06	396233.23761798633	364433.446945832	434113.15077757085	338089.90371402144	478528.6608278622
0156	markov	familiar	3	2.926889927022182e-06	4.285098891617317e-07	2.6808607485199943e-06	3.1729191055243696e-06	2.4419942495362048e-06	3.411785604508159e-06	341659.5857492325	315167.19044582633	373014.52548479574	293101.65289362	409501.37380132027
0140	categorical	improbable	19	3.5090982490278753e-06	4.615699824618497e-07	3.4037936953647604e-06	3.6144028026909903e-06	3.3015548868880856e-06	3.716641611167665e-06	284973.4971874982	276670.87886703754	293789.83848574205	269060.1098032231	302887.5891088275
0140	categorical	probable	4	2.933784452980751e-06	2.424438129765139e-07	2.8132343724557886e-06	3.0543345335057138e-06	2.696193882126485e-06	3.1713750238350173e-06	340856.6702928673	327403.56009798864	355462.7406059519	315320.639307659	370893.20861869963
0188	categorical	improbable	11	4.4668637591771534e-06	5.176265955872932e-07	4.311658428131657e-06	4.62206909022265e-06	4.160971610103981e-06	4.772755908250326e-06	223870.71867717121	216353.32152766	231929.31830486478	209522.55242539654	240328.48423472192
0188	categorical	probable	3	3.843361296974274e-06	1.3922489555429865e-06	3.0440008260342725e-06	4.642721767914276e-06	2.2679122405993803e-06	5.418810353349168e-06	260188.91348759233	215390.89568342708	328515.02254774387	184542.35058843438	440934.16936438106
0128	categorical	improbable	26	2.632627219068267e-06	5.255827689274083e-07	2.530123212867515e-06	2.7351312252690193e-06	2.430603419150167e-06	2.8346510189863675e-06	379848.68983992253	365613.17086409376	395237.6686298412	352777.1119979299	411420.4695514
0128	categorical	probable	1	1.923358029250429e-06						519924.0				
0187	categorical	improbable	19	2.881269972910515e-06	7.620041658061443e-07	2.707423077274743e-06	3.0551168685462867e-06	2.5386374089547238e-06	3.223902536866306e-06	347069.1776202596	327319.7206612358	369354.9074002084	310183.07426006085	393912.1027968098
0187	categorical	probable	6	3.5828754597044905e-06	7.921131658638149e-07	3.2612888172176875e-06	3.9044621021912935e-06	2.9490645685394305e-06	4.21668635086955e-06	279105.4311674228	256117.22532503825	306627.2434138884	237153.04312206752	339090.5749124596
0121	categorical	improbable	14	3.141931974668096e-06	1.0400490577708916e-06	2.8655076852392607e-06	3.4183562640969314e-06	2.597130972152116e-06	3.6867329771840762e-06	318275.509483504	292538.26188423403	348978.2997795391	271242.860871307	385040.26586358435
0121	categorical	probable	3	3.7460532040904514e-06	9.886913835592636e-07	3.1783955256057697e-06	4.313710882575134e-06	2.6272641390507558e-06	4.864842269130147e-06	266947.6234101704	231818.9668295607	314624.1529551015	205556.5102995218	380624.08158218354
0190	categorical	improbable	11	3.484545444236615e-06	1.8763054797562484e-06	2.921953383452642e-06	4.0471375050205894e-06	2.375740138610432e-06	4.593350749862799e-06	286981.47749916266	247088.21945374267	342236.8083156682	217705.99600517543	420921.4567485899
0190	categorical	probable	3	2.8631125938691977e-06	1.3071923273255058e-06	2.1125874308084373e-06	3.613637756929958e-06	1.3839124045738257e-06	4.342312783164569e-06	349270.2320339433	276729.4530510914	473353.1902238591	230292.024074605	722589.0863431843
0147	categorical	improbable	27	3.3790008361402465e-06	6.798143025913328e-07	3.2488955895396196e-06	3.5091060827408733e-06	3.1225781139291486e-06	3.6354235583513443e-06	295945.47278723866	284972.8610139154	307796.90280588664	275071.1117836012	320248.1934844849
0147	categorical	probable	1	4.055446058511976e-06						246582.0				
0120	categorical	improbable	10	3.3965689328358226e-06	5.21427869195855e-07	3.2325928020935676e-06	3.5605450635780777e-06	3.073390529803079e-06	3.7197473358685662e-06	294414.7519965367	280855.8751943097	309349.20084965747	268835.46373089845	325373.5541587918
0120	categorical	probable	2	3.182889525960863e-06	1.5162200144548706e-07	3.076270767226511e-06	3.2895082846952146e-06	2.97275601430201e-06	3.3930230376197155e-06	314179.9273407443	303996.8023952412	325068.91482168686	294722.4315640141	336388.1849667355
0195	categorical	improbable	16	4.20368944956657e-06	6.535803363314654e-07	4.041199920122644e-06	4.366178979010497e-06	3.8834409695132586e-06	4.523937929619882e-06	237886.269192199	229033.2129780509	247451.25699439578	221046.3573013752	257503.59226532487
0195	categorical	probable	3	4.424246786706721e-06	7.09369584804835e-07	4.0169618660590655e-06	4.831531707354377e-06	3.621534284354033e-06	5.226959289059409e-06	226027.17438924118	206973.70121318617	248944.35977832007	191315.81952304623	276126.0619070374
0148	categorical	improbable	14	2.9789467266945563e-06	6.944681271518596e-07	2.7943709539032555e-06	3.1635224994858575e-06	2.6151687596257446e-06	3.342724693763368e-06	335689.118250732	316103.33106925024	357862.2940533976	299157.1522075189	382384.5005486795
0148	categorical	probable	2	3.0368935349929773e-06	5.780303166360879e-07	2.630429603089786e-06	3.443357466896169e-06	2.235799108576968e-06	3.837987961408987e-06	329283.8515665359	290414.2278615635	380166.0378309947	260553.18829944532	447267.3757511585
0182	categorical	improbable	13	2.9281691590182546e-06	7.394639897087994e-07	2.7242153839270883e-06	3.1321229341094214e-06	2.526199341654602e-06	3.3301389763819073e-06	341510.3246068189	319272.2702898432	367078.1708010369	300287.7678956417	395851.5796876992
0182	categorical	probable	3	3.61273866540904e-06	7.823441690226933e-07	3.163555348806555e-06	4.061921982011525e-06	2.727449164605283e-06	4.498028166212797e-06	276798.32188658416	246188.8742394764	316100.04875598213	222319.6394170136	366642.9471820129
0122	categorical	improbable	14	3.28696722968159e-06	8.369592823330865e-07	3.064520150698941e-06	3.5094143086642395e-06	2.8485492024998704e-06	3.7253852568633098e-06	304231.8131345868	284947.8323294983	326315.36123915674	268428.61370047333	351055.89860354376
0122	categorical	probable	6	3.137034552505573e-06	8.50132669724986e-07	2.7918928193454355e-06	3.482176285665711e-06	2.4567992424166067e-06	3.817269862594539e-06	318772.3894214976	287176.73028688243	358179.93909753737	261967.33162593737	407033.6650773141
0197	categorical	improbable	20	3.244115691184846e-06	9.875847807972707e-07	3.02450889021005e-06	3.4637224921596422e-06	2.811295530635251e-06	3.676935851734441e-06	308250.4124983196	288706.73163440893	330632.1906465121	271965.58230089647	355707.8895131442
0197	categorical	probable	5	3.0379504830863622e-06	6.480357680259856e-07	2.7497462403710315e-06	3.326154725801693e-06	2.4699325253117293e-06	3.605968440860995e-06	329169.28882397857	300647.4690557196	363669.9217252378	277318.01217906125	404869.35968981194
0153	categorical	improbable	22	3.929042096826985e-06	5.643286040472667e-07	3.809393635421362e-06	4.048690558232608e-06	3.6932285152565433e-06	4.164855678397426e-06	254514.96200755393	246993.43790712775	262508.9701157619	240104.35828229826	270765.8071708939
0153	categorical	probable	2	5.138898194801331e-06	5.237762863561195e-07	4.770585041212895e-06	5.507211348389769e-06	4.412994636436714e-06	5.864801753165949e-06	194594.24220772285	181580.1022948549	209617.8962037234	170508.7472837727	226603.49317973637
0105	categorical	improbable	11	2.9689392748829124e-06	1.6929713167952092e-06	2.4613181906617506e-06	3.4765603591040747e-06	1.9684755451818525e-06	3.969403004583972e-06	336820.63101120095	287640.6265696778	406286.3565523561	251927.0527193065	508007.3270138683
0105	categorical	probable	3	2.0369116250267316e-06	2.8189979034610203e-08	2.020726333720044e-06	2.053096916333419e-06	2.0050122469072604e-06	2.0688110031462028e-06	490939.31602794817	487069.0672439751	494871.5634140601	483369.4322387215	498750.0707501932
0111	categorical	improbable	14	3.2471257943401138e-06	9.166554578401519e-07	3.0034970619343535e-06	3.490754526745874e-06	2.7669611245471345e-06	3.727290464133093e-06	307964.66270048573	286471.0171792609	332945.2233111113	268291.40621660237	361407.3183495373
0111	categorical	probable	2	3.1738046040622296e-06	1.238284520138079e-06	2.3030578968664975e-06	4.044551311257962e-06	1.4576613519698605e-06	4.889947856154598e-06	315079.25809927797	247246.2142380322	434205.323869879	204501.1581752099	686030.3997554822
0177	categorical	improbable	22	3.8110279906953354e-06	5.518115129062441e-07	3.694033392102188e-06	3.9280225892884825e-06	3.5804448724961265e-06	4.041611108894544e-06	262396.39342495264	254581.02067104937	270706.8111885484	247426.08159386186	279294.90206138673
0177	categorical	probable	11	4.043759900439381e-06	6.152120004906692e-07	3.859294529043653e-06	4.22822527183511e-06	3.680199522031506e-06	4.407320278847257e-06	247294.60319623412	236505.84718396186	259114.71448327205	226895.2417185238	271724.39809676143
0106	categorical	improbable	8	3.117051205484364e-06	6.761235757952538e-07	2.8793302424477458e-06	3.3547721685209823e-06	2.6485300807705535e-06	3.5855723301981746e-06	320816.0322296047	298082.83536609577	347302.98916663707	278895.50339784386	377567.9223960574
0106	categorical	probable	3	4.165960524211305e-06	6.427869491613897e-07	3.7969040588786786e-06	4.535016989543932e-06	3.438591982489931e-06	4.893329065932679e-06	240040.68069975745	220506.34039643718	263372.4699104789	204359.85124360278	290816.7078537438
0124	categorical	improbable	16	4.1802298637956755e-06	1.308139495404499e-06	3.855007455409917e-06	4.505452272181434e-06	3.5392532893588713e-06	4.82120643823248e-06	239221.29466153175	221953.30004368766	259402.87056945945	207416.96353633297	282545.47449503053
0124	categorical	probable	5	4.671788343328986e-06	1.654945422749507e-06	3.935776049205741e-06	5.4078006374522315e-06	3.2211913768650034e-06	6.122385309792969e-06	214050.7930818261	184918.05949250533	254079.49728283062	163335.03191974296	310444.1441083334
0175	categorical	improbable	7	3.976529409344039e-06	2.2231044238648693e-06	3.140931705861724e-06	4.812127112826354e-06	2.3296608671553284e-06	5.623397951532749e-06	251475.5700411023	207808.30941364312	318376.86828203325	177828.4248454146	429247.0265086552
0175	categorical	probable	0											
0152	categorical	improbable	22	3.459261403740531e-06	1.3178942879524926e-06	3.1798425993101115e-06	3.738680208170951e-06	2.9085585509266513e-06	4.0099642565544115e-06	289079.0499147277	267474.066868432	314480.9746925703	249378.7814605751	343812.91711710783
0152	categorical	probable	4	3.1967310985442955e-06	1.0227795685167284e-06	2.6881754961956303e-06	3.705286700892961e-06	2.1944255393361934e-06	4.199036657752398e-06	312819.5550934431	269884.64880706894	371999.52213507774	238149.86186266498	455700.1283818893
0104	categorical	improbable	20	3.1114924875224297e-06	6.028349864153909e-07	2.977441552902423e-06	3.2455434221424365e-06	2.847293260601796e-06	3.3756917144430634e-06	321389.1738482918	308114.8115836588	335858.817791132	296235.5820946121	351210.7494640867
0104	categorical	probable	10	3.494776249737373e-06	6.12064402711962e-07	3.3022971774611675e-06	3.6872553220135785e-06	3.11542177348604e-06	3.874130725988705e-06	286141.3517031737	271204.4360014398	302819.5060169624	258122.4204159484	320983.8258532287
0174	categorical	improbable	17	3.110424799579179e-06	7.175859960787925e-07	2.9373491824405623e-06	3.2835004167177954e-06	2.769312338286354e-06	3.451537260872004e-06	321499.49426049256	304553.02972052165	340443.01099031325	289725.97553455294	361100.4747188605
0174	categorical	probable	3	3.1552638910034954e-06	4.210756879655828e-07	2.913503063032696e-06	3.3970247189742953e-06	2.678780649535332e-06	3.6317471324716586e-06	316930.7020091944	294375.24973381474	343229.43150061066	275349.56689548754	373304.174857864
0167	categorical	improbable	19	2.4833902527871554e-06	6.442887230567844e-07	2.3363994626803036e-06	2.630381042894007e-06	2.193688034591003e-06	2.7730924709833076e-06	402675.3342039904	380173.0561819197	428009.0010176624	360608.24168817245	455853.33202879166
0167	categorical	probable	9	3.1841997769396983e-06	8.471855316000482e-07	2.903369666792727e-06	3.4650298870866696e-06	2.63071540021986e-06	3.7376841536595365e-06	314050.6469606909	288597.79932252783	344427.3774151097	267545.3459653374	380124.73714048497
0139	categorical	improbable	13	3.360350441303548e-06	1.0400228943917763e-06	3.0734986155966924e-06	3.6472022670104035e-06	2.794997944453349e-06	3.925702938153747e-06	297588.0097827177	274182.76442882774	325362.11173983524	254731.449565641	357782.01625675324
0139	categorical	probable	1	4.167639115793685e-06						239944.0				
0160	categorical	improbable	19	3.142347398826763e-06	6.234443800175659e-07	3.0001121264605547e-06	3.2845826711929717e-06	2.8620177681045204e-06	3.422677029549006e-06	318233.43287039595	304452.6809358087	333320.8753033411	292168.9634653511	349403.8405856187
0160	categorical	probable	4	3.3378288541504944e-06	1.0364301982909497e-06	2.822485763606953e-06	3.853171944694036e-06	2.3221459235805102e-06	4.353511784720479e-06	299595.94805363636	259526.4406450997	354297.6240638554	229699.6193991481	430636.1584969229
0136	categorical	improbable	14	3.5065405118896416e-06	1.143678383069239e-06	3.2025736153159274e-06	3.8105074084633558e-06	2.9074561465930654e-06	4.105624877186217e-06	285181.3622598387	262432.2413804898	312248.8723499185	243568.28251814088	343943.27879090875
0136	categorical	probable	3	2.490891679193307e-06	2.5325968914607995e-07	2.3454824953114103e-06	2.6363008630752037e-06	2.204306627939037e-06	2.777476730447577e-06	401462.660280698	379319.37663348316	426351.50848449615	360039.0199628621	453657.3938150207
0189	categorical	improbable	11	4.414823014113872e-06	8.150652937099854e-07	4.1704335646296836e-06	4.6592124635980605e-06	3.933159057019422e-06	4.896486971208322e-06	226509.64643499226	214628.54673679196	239783.22265608268	204228.05286321978	254248.5532628847
0189	categorical	probable	1	4.546839264685154e-06						219933.0				
0138	categorical	improbable	16	2.9558729214996345e-06	9.632233057829857e-07	2.7164016690678223e-06	3.1953441739314467e-06	2.4839021743985685e-06	3.4278436686007006e-06	338309.5371680117	312955.3329992721	368134.0691942537	291728.5899471068	402592.3445403528
0138	categorical	probable	2	4.372325440783998e-06	7.133426380031714e-07	3.870711520039583e-06	4.873939361528414e-06	3.3837011507037154e-06	5.360949730864281e-06	228711.24611911114	205172.84394084275	258350.43371813296	186534.11246196897	295534.3735932554
0156	categorical	improbable	20	2.728336828275943e-06	5.679648256507398e-07	2.602039885620879e-06	2.854633770931007e-06	2.479419842307182e-06	2.977253814244704e-06	366523.65999542206	350307.6332183449	384313.8629527147	335879.9962621557	403320.15697247424
0156	categorical	probable	7	2.647441396354857e-06	4.550182509803376e-07	2.4764138002238977e-06	2.818468992485816e-06	2.310365352775001e-06	2.984517439934713e-06	377723.18638548715	354802.55509854876	403809.7348309026	335062.5419772636	432831.97560026206
